Kürzel;Beschreibung;wird gesetzt von:
XYT;Tel.:;neutral
COMP;Compounddokument;neutral
YG;Beratungsgespräch bei VDI/VDE-IT;neutral
YT;Telefonat mit;neutral
YE;E-Mail;neutral
YFO;Eingang Foyer;neutral
YB;Brief;neutral
YF;Fax;neutral
YJ;juristisches Schreiben eingegangen;neutral
YJE;juristisches Schreiben ohne QS-Bedarf erstellt;Juristen
YJEQS;juristisches Schreiben mit QS-Bedarf erstellt;Juristen
YJQ;QS juristisches Schreiben erfolgt;Juristen
YJZ;juristisches Schreiben wurde versendet;neutral
XCARE;Marker für kritisches Projekt in der Begleitung;neutral
XJURB;juristische Bearbeiter:in;neutral
YZU;Zustellungsurkunde an Ast/ZE;PA
YZUN;Zustellung nicht möglich;neutral
YZUD;Zustellung an Person/Briefkasten/sonstiges;PA
YRP;Rücknahme ist eingegangen -> zur Prüfung an AB;neutral
YWSP;Widerspruch ist eingegangen;neutral
YWSP?;Widerspruch ist unvollständig;Juristen
YWSP-;Widerspruch ist unzulässig;AB
YKA;Eingang Klage vor Bewilligung;neutral
YKB;Eingang Klage nach Bewilligung;neutral
YW;Wichtig;neutral
HINT;Bemerkung: ;neutral
ANT;Termin für Nachlieferung;AB/FB
VME;Vollmacht NWME/Berater mit Einschränkungen;neutral
VOE;Vollmacht NWME/Berater ohne Einschränkungen;neutral
NA;Eingang Änderung Firmendaten;neutral
NE;Änderung Firmendaten erledigt;neutral
AKTK;Aktennotiz kaufm. erstellt/ergänzt/keine Ergänzung;AB
AKTT;Aktennotiz fachl. erstellt/ergänzt/keine Ergänzung;FB
AKTF;Aktennotiz ist fertig (Grund (adm./fachl.));AB/FB
AKTQ;QS der Aktennotiz ohne Bescheid als Folge ist erfolgt;QS
AKTQB;QS der Aktennotiz ist erfolgt - weiter mit Juristen;QS
AKTQZ;QS Rückforderungs-/Erstattungsbetrag und Zinsen erfolgt;QS
ARK;Rücknahmeempfehlung adm. erstellt/ergänzt/keine Ergänzung;AB
ART;Rücknahmeempfehlung techn. erstellt/ergänzt/keine Ergänzung;FB
ARF;Entwurf Rücknahmeempfehlung fertig;AB
ARQ-;QS RNE zurück an AB/FB;QS
ARQ;Rücknahmeempfehlung Qualitätssicherung;QS
ARZ;Rücknahmeempfehlung an Ast;PA
ARR;Termin Rücknahmeempfehlung;neutral
AAR;Antrag vom ASt zurückgezogen;AB
ARW;Stellungnahme des Ast zur Rücknahmeempfehlung;neutral
ABLK;Ablehnung adm. erstellt/ergänzt/keine Ergänzung;AB
ABLT;Ablehnung tech. erstellt/ergänzt/keine Ergänzung;FB
ABLF;Entwurf Ablehnung fertig;AB/FB
XABLF;"""alle"" Ablehnungen erstellt";AB/FB
ABLQ-;QS Ablehnung QS zurück an AB/FB;QS
ABLQ;Ablehnung Qualitätssicherung;QS
ABLJ;Ablehnung juristische Qualitätssicherung;Juristen
ABLQS;Finale Qualitätssicherung Ablehnung;QS
ABLZ;Ablehnung an Ast;PA
AAA;allgemeine Ablehnung;neutral
ABL10;10. Ablehnung an BMWK;PA
ABL10+;10. Ablehnung Freigabe durch BMWK;PA
ABLD;Termin Ablehnung bestandskräftig;PA
ABLW;Widerspruch gegen Ablehnungsbescheid;neutral
ABLWR;Widerspruch zur Ablehnung zurückgezogen;neutral
ABLWE;pos/neg Widerspruchsbescheid erstellt;AB/FB
ABLWJ;pos/neg Widerspruchsbescheid juristische QS;Juristen
ABLWQ;pos/neg Widerspruchsbescheid QS ist erfolgt;QS
ABLWG;Widerspruchsbescheid zur Kenntnisnahme / zur Freigabe ans BMWE;PA
ABLWG+;Freigabe Widerspruchsbescheid vom BMWE erfolgt / nicht erforderlich;PA
ABLWZ;negativer Widerspruchsbescheid nach Ablehnung;PA
ABLWD;Termin Widerspruchsbescheid rechtskräftig;PA
AZBWZ;positiver Widerspruchsbescheid nach Ablehnung;PA
STIP;Stichprobe;neutral
SPDOK;Stichprobendokumente an ZG;neutral
STZG;Akte zur Stichprobe an ZG;neutral
STIT;Stichprobe zurück an IT;neutral
STOK;Stichprobe ok;neutral
AA;Antrag vom ASt unterschrieben;PA
AAE;Antragseingang;PA
AAI;"Antragsimport aus ZIM-Foyer oder FZD (Vorgangscode: ""IDENTCODE FOYER"")";PA
AAE2;Antragseingang 2;PA
ABK;beantragte Kosten (Deckblatt Mantelbogen);AB
ADV;Antrag in C16 eingestellt;PA
AE;Eingangsbestätigung an Ast;PA
AUS;Unternehmen in Schwiergigkeiten;AB
ANRD;Nachrangdarlehen vorhanden - (nicht) i.O.;AB
ALS;TB ohne (weitere) Nachforderungen;FB
ALSB;BB ohne (weitere) Nachforderungen;AB
ALT;Brief NF von BB angelegt/ergänzt;AB
ALU;Brief NF von TB angelegt/ergänzt;FB
ALF;Nachforderung fertig für QS;AB/FB
ALQ;NF von PL gelesen;QS
AN;NF an ASt;AB/FB/QS
ANM;Mahnung Nachforderung;AB/FB
AL;Nachlieferung Eingang;neutral
AMA;Mitarbeiter Anzahl Anlage 1;AB
AT4;Gutachten technisch fertig;FB
AK4;Gutachten kaufmännisch fertig;AB
XKS;DL-Gutachten fertig - FB/AB;AB/FB
AQ4-;fachliche QS zurück an FB;QS
AQ4;fachliche QS fertig;QS
QS-;kaufmännische QS zurück an AB;QS
QS;kaufmännische QS erfolgt;QS
XQS;DL-Gutachten QS fertig;QS
ABX;Bewilligung ausgestezt;QS
AB;Bewilligungsempfehlung durch Haushaltsbeauftrage/Titelverantwortliche;QS
ABB;Bewilligung;QS
AZ1;Erstentscheidung;neutral
AZBE;Zuwendungsbescheid erstellt;AB
AZBQ;Zuwendungsbescheid Qualitätssicherung;QS
AZBZ;Bewilligung an ZE;PA
AZW;Widerspruch ZuwBescheid eingegangen;neutral
AZWR;Widerspruch ZuwBescheid zurückgezogen;neutral
AZWE;Widerspruchsbescheid erstellt;neutral
AZWJ;Widerspruchsbescheid juristische QS erfolgt;Juristen
AZWQ;Widerspruchsbescheid QS durch PL erfolgt (pos/neg);QS
AZWG;Widerspruchsbescheid zur Kenntnissnahme ans BMWK;PA
AZWG+;Rückfragen/Hinweise vom BMWK;PA
AZWA;negativer Widerspruchsbescheid;PA
AZWZ;positiver Widerspruchsbescheid;PA
AZWD;Frist Klage Widerspruchsbescheid;PA
RZA;Grund für Rücknahme des Zuw.bescheides eingegangen;neutral
RZE;Rücknahmebescheid des ZuwBescheides erstellt;AB/FB
RZJ;Rücknahmebescheid juristische QS erfolgt;Juristen
RZQ;Rücknahmebescheid QS ist erfolgt;QS
RZG;Rücknahmebescheid ans BMWK;PA
RZG+;Rückfragen/Hinweise vom BMWK;PA
RZZ;Rücknahmebescheid an ZE;PA
ABE;Eingang Empfangsbestätigung;neutral
AFUE;FKZ zum zugehörigen FuE;PA
ADL1;FKZ vom ersten DL-Antrag;PA
ADL2;FKZ vom ersten DL-Folgeantrag;PA
ADL3;FKZ vom zweiten DL-Folgeantrag;PA
XIZ;Irrläufer an richtigen PT;PA
TG;voraussichtlicher Termin DL-GA;AB/FB
DME;Bescheinigung erstellt;neutral
DMB;Bescheinigung an ZE versandt;AB
DMDB;Eintrag in de-minimis-DB ist erfolgt;PA
DMVN;bitte de-minimis-Wert in de-minimis-DB aktualisieren;AB/QS
DMDB2;Aktualisierung in de-minimis-DB ist erfolgt;PA
SA;Antrag auf Entsperrung von ....;neutral
SFB;fachliche Prüfung erforderlich;FB
SN;Nachforderung/Rückfragen zur Entsperrung;AB/FB
SL;Eingang Nachlieferung zur Entsperrung;neutral
ST;techn. Bearbeitung Entsperrung erledigt;FB
SK;kaufm. Bearbeitung Entsperrung erledigt;AB
SZ;Mitteilung an ZE über Entsperrung von ...;AB/FB
SZX;Mitteilung Sperre wird nicht aufgehoben an ZE;AB/FB
ÄA;Eingang Änderungsantrag über ...;neutral
ÄN;Nachforderung/Rückfragen zum Änderungsantrag;AB/FB
ÄL;Nachlieferung zum Änderungsantrag;neutral
ÄT;Änderung techn. bearbeitet;FB
ÄK;Änderung kaufm. bearbeitet;AB
ÄQ;Änderung bewilligt;QS
ÄAB;Aufstockung vom Haushaltsbeauftragten bewilligt;QS
ÄZ;Änderungsbescheid an ZE;PA
ÄZX;Bewilligung ohne Bescheid;QS/PA
ÄAZ;Ablehnung/Rücknahme des Änderungsantrags an ZE;PA
LA;Antrag auf Laufzeitänderung;neutral
LN;Nachforderung/Rückfragen zur Laufzeitänderung;AB/FB
LL;Nachlieferung zur Laufzeitänderung;neutral
LT;Laufzeitänderung techn. bearbeitet;FB
LK;Laufzeitänderung kaufm. bearbeitet;AB
LQ;Laufzeitänderung bewilligt;QS
LZ;Änderungsbescheid Laufzeit an ZE;PA
LZX;Bewilligung ohne Bescheid;QS/PA
LAZ;Ablehnung/Rücknahme der Laufzeitänderung an ZE;PA
MVA;Antrag auf Mittelverschiebung;neutral
MVN;Nachforderungen/Rückfragen zur Mittelverschiebung;AB/FB
MVL;Nachlieferung zur Mittelverschiebung;neutral
MVT;Mittelverschiebung techn. bearbeitet;FB
MVK;Mittelverschiebung kaufm. bearbeitet;AB
MVQ;Mittelverschiebung bewilligt;QS
MVZ;Mittelverschiebung an ZE;PA
MVX;Mittelverschiebung ist nicht erforderlich/ohne Bescheid;QS/PA
MVAZ;Ablehnung/Rücknahme der Mittelverschiebung an ZE;PA
ÄW;Widerspruch Änderungsbescheid;neutral
ÄAW;Widerspruch gegen die Ablehnung eines Änderungsantrages;neutral
ÄAWR;Widerspruch Änderung zurückgezogen;neutral
ÄAWE;Widerspruchsbescheid erstellt;AB/FB
ÄAWJ;Widerspruchsbescheid juristische QS erfolgt;Juristen
ÄAWQ;Widerspruchsbescheid QS durch PL erfolgt (ÄK/LK/MVK);QS
ÄAWA;negativer Widerspruchsbescheid;PA
ÄAWZ;positiver Widerspruchsbescheid;PA
ÄAWD;Frist Klage Widerspruchsbescheid;PA
ZA1;Termin 1. ZA;AB/QS
GA;Eingang Zahlungsanforderung;neutral
GN;Nachforderung/Rückfragen zur ZA;AB/FB
GL;Nachlieferung zur ZA;neutral
GKS;kaufm. Signierung ZA erfolgt;AB
GTS;techn. Signierung ZA erfolgt;FB
GZ;Auszahlung erfolgt;QS
GZ-;"Auszahlung konnte nicht erfolgen; Grund:";QS
GZX;ZA nicht ausgeführt/ungültig;QS
ABA;Projekt von ZE abgebrochen;neutral
ABV;ZE verzichtet auf Zuwendung ohne Mittelabfluss;AB/QS
IA;Kenntnisnahme von Insolvenz;neutral
IVW1;Name des Insolvenzverwalters vor Eröffnung;AB/QS/Juristen
IER;Eröffnung des Insolvenzverfahrens;neutral
IVW2;Name des Sachwalters;AB/QS/Juristen
IDFA;Termin zur Forderungsanmeldung;PA
IFAE;Forderungsanmeldung erstellt;AB/FB
IFAJ;Forderungsanmeldung juristische QS erfolgt;Juristen
IFAZ;Forderungsanmeldung versandt;PA
IFA;Forderungsanmeldung b. RA;PA
IPFA;Verfahren zur Prüfung der FA;AB/QS
GAM1;Erinnerung an ZA;neutral
GAM2;Mahnung ZA;neutral
VBM1;Erinnerung VN-Sach;neutral
VZM1;Erinnerung VN-Zahl;neutral
VBM2;Mahnung VN-Sach;neutral
VZM2;Mahnung VN-Zahl;neutral
ABRWE;Anhörung zum Widerruf durch AB erstellt / Juristen erstellt+QS;AB/QS/Juristen
ABRWJ;Anh z Wid QS juristisch erfolgt/nicht notwendig;Juristen
ABRWQ;Anhörung zum Widerruf QS durch PL erfolgt;QS
ABRWZ;Anhörung zum Widerruf an ZE;PA
ABRWD;Termin Anhörungsfrist abgelaufen;PA
ABRWL;Stellungnahme zur Anh z Wid eingegangen;neutral
ABRWE2;erweiterte Anhörung zum Widerruf durch Juristen erstellt;Juristen
ABRWQ2;erweiterte Anhörung zum Widerruf QS durch PL erfolgt;QS
ABRWZ2;erweiterte Anhörung zum Widerruf an ZE;PA
ABRWD2;Termin erweiterte Anhörungsfrist abgelaufen;neutral
ABRWL2;Stellungnahme zur erweiterten Anh z Wid eingegangen;neutral
WRE;Widerruf erstellt;AB/FB
WRQ;QS des Widerrufs (Art) durch PL erfolgt;QS
WRZG;Widerruf ans BMWK;PA
WRZ;Widerruf an ZE (Art);PA
WRD;Frist Einlegung Rechtsbehelf zum Widerruf;neutral
WRBE;Empfangsbestätigung Widerruf im IT;neutral
WRW;Widerspruch ZE gegen Widerruf (Art);neutral
WRWR;Widerspruch zurückgezogen;neutral
WRWE;Widerspruchsbescheid erstellt (Jurist);Juristen
WRWJ;Widerspruchsbescheid QS juristisch erfolgt;Juristen
WRWQ;Widerspruchsbescheid QS durch PL erfolgt;QS
WRWZG;Widerspruchsbescheid ans BMWK;PA
WRWZG+;Freigabe durch BMWK;PA
WRWA;negativer Widerspruchsbescheid an ZE;PA
WRWZ;positiver Widerspruchsbescheid an ZE;PA
WRWD;Frist Klage Widerspruch;neutral
WME;Mitteilung Aussetzung/Beendigung Widerrufsverfahren erstellt;AB/FB
WMJ;Mitteilung Widerrufsverfahren juritische QS erfolgt;Juristen
WMA;Mitteilung Aussetzung Widerrufsverfahren an ZE;PA
WMZ;Mitteilung Beendigung Widerrufsverfahren an ZE;PA
VU;Teilvorhaben beendet;neutral
TVN;Termin Verwendungsnachweis;AB/FB
VBF;Fristverlängerung VN-Sach;AB/FB
VZF;Fristverlängerung VN-Zahl;AB/FB
VBE;Eingang VN-Sach;neutral
VZE;Eingang VN-Zahl;neutral
VN;Nachforderung/Rückfragen zum VN;AB/FB
VL;Eingang Nachlieferung zum VN;neutral
VPC;kaufm. Vorprüfung erfolgt;AB
VBT;VN-Sach geprüft;FB
MVP;Restmittel ausgebucht;AB
VZK;VN-Zahl geprüft;AB
VQK-;VN zurück an AB;QS
VQK;VN-Qualitätsicherung kaufm.;AB
VVZ;VN-Ergebnis an ZE;AB/QS
VRR;Termin Rückzahlung;neutral
VRM;Mahnung Rückzahlung;neutral
VRE;Eingang Rückzahlung inkl. Zinsen;neutral
VRAE;Aufrechnung erstellt;AB/FB
VRAJ;Aufrechnung juristische QS erfolgt;Juristen
VRAZ;Aufrechnung an ZE;PA
VRA;Verrechnung ist erfolgt;AB
AVK;Schlussvermerk vor Bewilligung vom AB signiert;AB
VVK;Schlussvermerk vom AB signiert;AB
VV;Schlussvermerk;QS
VAZ;Archivierungsdatum;PA
VAK;Akte im Keller;PA
VAR;Akte archiviert;PA
DLP;DL-Stichprobe positives Ergebnis;AB/FB
DLN;DL-Stichprobe negatives Ergebnis;AB/FB
DLSR;DL-Stichprobe realisiert;AB/FB
DLSP;DL-Stichprobe vorgesehen;AB/FB
ADS;FKZ der Durchführbarkeitsstudie;PA
ABLWT;techn. Ablehnung Widerspruch Ablehnungsbescheid ;FB
ABLWK;kaufm. Ablehnung Widerspruch Ablehnungsbescheid;AB
ABLWH;Widerspruchsbescheid geprüft durch HH-Beauftragten;QS
AADP;Auftrag an Dritte positiv;AB/FB
AR;Antrag mit Risiko;AB/FB
AVU;VerbundUmsatz laut Anlage 1;AB
AVB;VerbundBilanz laut Anlage 1;AB
AUF1;Erste Aufstockung;PA
AUF2;Zweite Aufstockung;PA
WK;Wahlkreis beachten!;neutral
GK;kaufm. Bearbeitung ZA erfolgt;AB
GT;techn. Bearbeitung ZA erfolgt;FB
GSP;Stichprobe ZA vorgesehen;AB/FB
GSP+;Stichprobe positiv;AB/FB
GSP-;Stichprobe negativ;AB/FB
GSPM;Maßnahme erfolgt;AB/FB
GSTAT;unvollst. ZA Statistik;AB
ZBM1;erste Erinnerung Zwischenbericht;neutral
ZBM2;zweite Erinnerung Zwischenbericht;neutral
ZBM3;Mahnung Zwischenbericht;neutral
ZBE;Eingang Zwischenbericht;neutral
ZBN;Nachforderung/Rückfragen zum Zwischenbericht;AB/FB
ZBL;Nachlieferungen zum Zwischenbericht;neutral
ZBT;techn. Prüfung Zwischenbericht erledigt;FB
ZBK;kaufm. Prüfung Zwischenbericht erledigt;AB
ZBZ;Info an ZE über Prüfung ZB;AB/FB
ABRK;Brief Abbruchempfehlung kaufm.;AB
ABRT;Brief Abbruchempfehlung techn.;FB
ABRQ;Brief Abbruchempfehlung endlesen;QS
ABRZ;Brief Abbruchempfehlung an ZE;AB/FB/QS
ABRD;Anhörungsfrist Abbruchempfehlung;neutral
ABRW;Widerspruch ZE gegen Abbruchempfehlung;neutral
ABRWK;Brief zu Widerspruch kaufm. erstellt;AB
ABRWT;Brief zu Widerspruch techn. erstellt;FB
VOBP;Vor-Ort-Besuch geplant;AB/FB/QS
VOBA;Vor-Ort-Besuch angekündigt;AB/FB/QS
VOBB;Termin VOB bestätigt;AB/FB/QS
VOBT;"Termin des VOB (Anlass; Uhrzeit/Dauer; AB/FB; dig/präs)";AB/FB/QS
VOBV;VOB-Bericht vorbereitet/angelegt;PA
VOBR;Vor-Ort-Besuch realisiert;AB/FB/QS
VOBN;Nachforderung/Rückfragen zum VOB;AB/FB/QS
VOBL;Nachlieferung zum VOB;neutral
VOBF;VOB-Bericht fertiggestellt;AB/FB
VOBQ;VOB-Bericht Qualitätssicherung;QS
VOBZ;Zensierung des Vor-Ort-Besuchs;AB/FB/QS
VOBDB;VOB-Bericht in DB;AB/FB/QS
VQT;VN-Qualitätssicherung fachl.;FB/QS
TOP;erfolgreiches Beispiel;AB/FB
FLOP;schlechtes Beispiel;AB/FB
IWS;Informationsworkshop;neutral
YPM;Pressemitteilung:;neutral
AK;ausländischer Koordinator:;AB/FB
WIN;Wechsel int/nat;neutral
NWZV;Hinweis auf NW Zusatzverträge;PA
NWSP;Netzwerksprecher;neutral
NWKB;Netzwerkkurzbeschreibung freigegeben;neutral
INFOB;Infobrief an NWP;neutral
SAAE;Eingang Skizze;PA
SKUR;Skizzentitel:;PA
SART;"INM; INF; iINM; iINF";PA
SDE;Eingangsbestätigung Skizze an Ast;PA
SDTB;Technischer Bearbeiter;QS
ST4;Skizzenbewertung fertig;FB
ASÜ;Überarbeitungshinweis: nicht im Format des Skizzenformulars;FB
ASB;Befürwortung Skizze an Ast;FB
ASV;Befürwortung Skizze unter Vorbehalt;FB
ASA;Ablehnung Skizze an Ast;FB
SANT;Zur Skizze ist ein Antrag eingegangen;PA
NWB;Netzwerkbesuch (Bemerkung/Grund);AB/FB/QS
AUFD;Termin Auflagen;AB/FB
AUFE;Eingang zu Auflagen;neutral
AUFN;Nachforderung zu Auflagen;AB/FB
AUFL;Nachlieferung zu Auflagen;neutral
AUFZ;Auflage erfüllt, Info an ZE;AB/FB/QS
ZBD;Termin Zwischenbericht;neutral
LBD1;Termin Leistungsbestätigung 1;neutral
LBD2;Termin Leistungsbestätigung 2;neutral
LBD3;Termin Leistungsbestätigung 3;neutral
LBE1;Eingang Leistungsbestätigung 1;neutral
LBE2;Eingang Leistungsbestätigung 2;neutral
LBE3;Eingang Leistungsbestätigung 3;neutral
LBN;Nachforderung/Rückfragen Leistungsbestätigung;AB
LBL;Nachlieferung Leistungsbestätigung;neutral
LBK1;Leistungsbestätigung 1 kaufm. geprüft;AB
LBK2;Leistungsbestätigung 2 kaufm. geprüft;AB
LBK3;Leistungsbestätigung 3 kaufm. geprüft;AB
BAKE;Eingang Bestätigung ausl. Koordinator;neutral
BAKT;Bestätigung ausl. Koordinator fachl. geprüft;FB
BAKK;Bestätigung ausl. Koordinator kaufm. geprüft;AB
ZVE;Eingang Zusatzvertrag;neutral
ZVN;Nachforderung zum Zusatzvertrag;AB/FB
ZVL;Nachlieferung zum Zusatzvertrag;neutral
ZVT;"Beurteilung durch TB erfolgt; an PL";FB
ZVQ;QS der Entscheidung ;QS
ZVZ;Entscheidung an ZE per E-Mail;neutral
IFAQ;anzumeldene Forderung und Zinsen geprüft;AB
DFE;Verdacht auf Doppelförderung;AB/FB/QS
DFA;Verdacht nach Korrektur der Daten aufgehoben;AB/FB/QS
DFB;Anhörung zur DoF muss erstellt werden;AB/FB/QS
DFEXT;Abwicklung Doppelförderung anderer PT;AB/FB/QS
DFINT;Abwicklung Doppelförderung VDIVDE;AB/FB/QS
DFU;Vorgang Doppelförderung beendet;AB/FB/QS
AUFM;Mahnung von Auflagen;AB/FB
LBM1;Erinnerung Leistungsbestätigung;neutral
LBM2;Mahnung Leistungsbestätigung;neutral
ABRWJ2;erweiterte Anhörung zum Widerruf QS juristisch erfolgt;Juristen
PBP;Projekt-Besuch geplant/gewünscht;AB/FB
PBT;Termin für Projekt-Besuch;AB/FB
PBR;Projekt-Besuch realisiert;AB/FB
PBQ;Projekt-Besuch-Bericht QS;QS
PBU;Unstimmigkeiten beim Projekt-Besuch;AB/FB
PBDB;Vermerk in Datenbank (inkl. Unterschrift durch QS);QS
PBF;Protokoll Netzwerkbesuch fertiggestellt;AB/FB
VQT-;VN zurück an FB;QS
P2KA;kein Antrag auf Phase 2;AB/FB
P2M;Mahnung Antrag Phase 2;AB/FB
P2P;Pause beantragt Phase 2;AB/FB
P2B;Plan Beginn Phase 2;AB/FB
P2E;Eingang Antrag Phase 2;PA
P2+;NW besteht weiter;AB/FB
P2-;NW gescheitert;AB/FB
LW;Widerspruch Laufzeitänderung;neutral
LAW;Widerspruch Ablehnung Laufzeit;neutral
LAWA;negativer Widerspruchsbescheid;neutral
LAWZ;positiver Widerspruchsbescheid;neutral
MVW;Widerspruch Mittelverschiebung;neutral
MVAW;Widerspruch Ablehnung Mittelverschiebung;neutral
MVAWA;negativer Widerspruchsbescheid;neutral
MVAWZ;positiver Widerspruchsbescheid;neutral
LBM3;Mahnung Leistungsbestätigung;neutral
VBM3;Mahnung VN-Sach;neutral
VZM3;Mahnung VN-Zahl;neutral
WRH;Widerrufsbescheid geprüft durch PL;QS
WRZG+;Freigabe durch BMWK;PA
XYB;Brief:;neutral
XYE;E-Mail:;neutral
XYFO;Eingang Foyer;neutral
XYF;Fax:;neutral
XYG;Beratungsgespräch:;neutral
XYW;Wichtig:;neutral
XYPM;Pressemitteilung:;neutral
XPV;Projekt vorgestellt;neutral
XCOV;thematisch COVID19;neutral
XSW;Skizze00x Phase 1/2 oder Wiedereinreicher TB/BB;PA
XRN+;regulärer NWP am Projekt beteiligt;FB/QS/PA
XRN-;kein regulärer NWP am Projekt beteiligt;FB/QS/PA
XTE;alle Anträge eingegangen;PA
XTEC;alle Anträge in C16 eingegeben;PA
XAT;Anzahl der erwarteten Teilvorhaben;PA
XAT+;Anzahl der Teilvorhaben (inkl. assoziiert);PA
XANT;Termin Vollständigkeit Verbund;PA
XPC+;PreCheck positiv;AB/FB/QS
XPC?;PreCheck Nachforderung;AB/FB/QS
XPC-;PreCheck negativ;AB/FB/QS
XINNO;Innovationsgrad bei GA;QS
XALF;alle erforderlichen Nachforderungen sind fertig (AB/FB);AB/FB
XARF;alle erforderlichen Rücknahmeempfehlungen sind fertig (AB/FB);AB/FB
XQSW;Gutachten QS nach Widerspruch fertig;QS
XTG;voraussichtlicher Termin GA (technisch);FB
XFB;Bew. ausgesetzt - max. 2 Bew. in 12 Monaten;QS
XHSP;Bew. ausgesetzt - Haushaltssperre;QS
XBG;beispielhaftes Gutachten;AB/FB/QS
XSPDOK;Stichprobendokumente an ZG;neutral
XAZBF;alle Zuwendungsbecheide sind erstellt;AB/FB
XICN;internationaler Call Name;PA
XIAAE;Call Ende (internationale Projekte);PA
XIT1;Termin erste Tendenz an AiF;PA
XIAIF1;erste Tendenz an AiF gesendet;PA
XIT2;Termin finale Entscheidung an AiF;PA
XIAIF2;finale Entscheidung an AiF gesendet;PA
XIP;Bew. ausgesetzt - Förderentscheidung int. Partner ausstehend;PA
XIPA;ausl. Partner wird abgelehnt;AB/FB
XIPB;ausl. Partner wird bewilligt;AB/FB
XVU;Eingang unterschriebener Kooperationsvertrag;neutral
XVN;Nachforderung KoopVertrag;AB/FB
XVL;Nachlieferung KoopVertrag;neutral
XVT;unterschriebener Koop-Vertrag technisch geprüft;FB
XVK;unterschriebener Koop-Vertrag kaufmännisch geprüft;AB
XVZ;Auflagenerfüllung an ZE Koop-Vertrag;AB
XVE;Verbund beendet;neutral
XEFB1;Erfolgsbeispiel angefragt;QS
XEFB2;Erfolgsbeispiel bestätigt;QS
XEFB3;Erfolgsbeispiel verneint;QS
XEFB4;Erfolgsbeispiel in Arbeit;QS
XEFB5;Erfolgsbeispiel Freigabe BMWK angefragt;QS
XEFB6;"Erfolgsbeispiel veröffentlicht (JAHR; deutsch/englisch)";QS
XAAE;Eingang des Netzwerkantrages;PA
XABB;Bewilligungsdatum des Netzwerks;PA
FKTB;Fachkoordinator;neutral
YIRR;FuE / Akronym;PA
YIZ;Irrläufer an anderen PT AiF/EN;PA
PC+;pre-check positiv;AB/FB/QS
PC?;pre-check unvollständig;AB/FB/QS
PC-;pre-check negativ;AB/FB/QS
PCAN;pre-check Nachforderungen an ASt;AB/FB/QS
PCQ;pre-check NF Qualitätssicherung;QS
PCAL;pre-check Nachlieferungen;neutral
ÄG;Unterlagen zur Änderung der Zuweisung ans BMWK;PA
LG;Unterlagen zur Änderung der Zuweisung ans BMWK;PA
MVG;Unterlagen zur Änderung der Zuweisung ans BMWK;PA
ZABB;Zuweisung wurde bewilligt - bitte in PROFI anlegen;QS
ZDV;Zuweisung in profi angelegt;QS
ZN;Eingang Zwischennachweis;neutral
ZNN;Nachforderung/Rückfragen zum ZN;AB/FB
ZNL;Nachlieferung zum ZN;neutral
ZNKS;Zwischennachweis kaufmännisch geprüft;AB
ZNTS;Zwischennachweis technisch geprüft;FB
ZNGZ;Zwischennachweis in profi gebucht;AB
ZQS;QS Änderung ist erfolgt - Ä/L/MV;QS
PROFI;Kapitel - Objektkonto - HKR-Nr.;AB/FB
ZBFI;Weitergabe Bearbeitung Zwischenbericht;AB/FB
IAKZ;Aktenzeichen vom Gericht;Juristen
IP;Kenntnisnahme von Insolvenz des Partners;AB/FB/QS/Juristen
IFAX;keine FA notwendig - ohne Auszahlung;AB
VPSP1;Stichprobe - Stufe 1;AB/FB
VPB1;Belegliste angefordert;AB/FB
VPB1A;Eingang Belegliste;AB/FB
VPSP2;Stichprobe - Stufe 2;AB/FB
VPB2;Belege/RE angefordert;AB/FB
VPB2A;Eingang Belege/RE;neutral
VNFI;Weitergabe Bearbeitung Verwendungsnachweis;AB/FB
VRM1;Erinnerung Rückzahlung;neutral
WZBE;Eingang Widerspruch Zuw.Bescheid;neutral
WZBR;Widerspruch Zuw.Bescheid zurückgezogen;neutral
WZBA;Widerspruch ZUB abgelehnt;PA
WZBS;Widerspruch ZUB stattgegeben;PA
WZBTS;Widerspruch ZUB teilweise stattgegeben;PA
WZBQ;Widerspruchsbescheid ZUB Qualitätssicherung;QS
WZBZ;Widerspruchsbescheid an ZE;PA
WZBD;Widerspruchsbescheid rechtskräftig;PA
LWR;Widerspruch Laufzeit zurückgezogen;neutral
MVWR;Widerspruch MV zurückgezogen;neutral
